lat,lng,elevation_m
12.92,80.12,10.4
12.92,80.124,10.4
12.92,80.128,9.0
12.92,80.132,9.9
12.92,80.136,9.2
12.92,80.14,8.9
12.92,80.144,9.3
12.92,80.148,8.2
12.92,80.152,8.1
12.92,80.156,8.6
12.92,80.16,8.3
12.92,80.164,7.7
12.92,80.168,7.7
12.92,80.172,7.6
12.92,80.176,7.5
12.92,80.18,6.7
12.92,80.184,6.2
12.92,80.188,6.3
12.92,80.192,5.9
12.92,80.196,6.1
12.92,80.2,6.0
12.92,80.204,5.7
12.92,80.208,5.6
12.92,80.212,5.5
12.92,80.216,5.4
12.92,80.22,4.6
12.92,80.224,4.8
12.92,80.228,4.2
12.92,80.232,4.1
12.92,80.236,3.1
12.92,80.24,3.3
12.92,80.244,3.7
12.92,80.248,2.6
12.92,80.252,2.5
12.92,80.256,2.3
12.92,80.26,2.3
12.92,80.264,1.9
12.92,80.268,2.4
12.92,80.272,1.4
12.92,80.276,2.0
12.92,80.28,1.1
12.92,80.284,1.4
12.92,80.288,0.9
12.924,80.12,10.3
12.924,80.124,9.2
12.924,80.128,10.2
12.924,80.132,9.0
12.924,80.136,8.6
12.924,80.14,9.5
12.924,80.144,8.1
12.924,80.148,7.9
12.924,80.152,7.9
12.924,80.156,8.5
12.924,80.16,8.0
12.924,80.164,7.3
12.924,80.168,7.4
12.924,80.172,6.7
12.924,80.176,7.5
12.924,80.18,6.7
12.924,80.184,6.2
12.924,80.188,6.1
12.924,80.192,6.2
12.924,80.196,6.4
12.924,80.2,5.9
12.924,80.204,5.8
12.924,80.208,4.7
12.924,80.212,4.7
12.924,80.216,4.8
12.924,80.22,5.1
12.924,80.224,4.4
12.924,80.228,4.6
12.924,80.232,3.7
12.924,80.236,4.2
12.924,80.24,3.0
12.924,80.244,3.3
12.924,80.248,3.4
12.924,80.252,2.4
12.924,80.256,2.8
12.924,80.26,2.1
12.924,80.264,2.3
12.924,80.268,2.3
12.924,80.272,2.1
12.924,80.276,1.5
12.924,80.28,0.6
12.924,80.284,1.0
12.924,80.288,1.2
12.928,80.12,9.5
12.928,80.124,10.0
12.928,80.128,9.0
12.928,80.132,9.3
12.928,80.136,9.1
12.928,80.14,8.8
12.928,80.144,8.5
12.928,80.148,9.0
12.928,80.152,8.2
12.928,80.156,7.6
12.928,80.16,7.4
12.928,80.164,7.6
12.928,80.168,7.6
12.928,80.172,7.3
12.928,80.176,7.5
12.928,80.18,7.1
12.928,80.184,6.5
12.928,80.188,6.7
12.928,80.192,6.2
12.928,80.196,5.6
12.928,80.2,5.3
12.928,80.204,6.0
12.928,80.208,4.9
12.928,80.212,4.9
12.928,80.216,5.1
12.928,80.22,4.6
12.928,80.224,4.5
12.928,80.228,3.9
12.928,80.232,3.9
12.928,80.236,3.4
12.928,80.24,3.4
12.928,80.244,3.0
12.928,80.248,2.7
12.928,80.252,2.5
12.928,80.256,2.7
12.928,80.26,2.8
12.928,80.264,2.2
12.928,80.268,1.9
12.928,80.272,1.3
12.928,80.276,1.1
12.928,80.28,1.1
12.928,80.284,1.1
12.928,80.288,0.6
12.932,80.12,10.0
12.932,80.124,10.1
12.932,80.128,9.5
12.932,80.132,8.7
12.932,80.136,8.9
12.932,80.14,8.8
12.932,80.144,8.4
12.932,80.148,8.7
12.932,80.152,8.1
12.932,80.156,8.1
12.932,80.16,7.6
12.932,80.164,8.3
12.932,80.168,7.5
12.932,80.172,7.0
12.932,80.176,6.9
12.932,80.18,6.5
12.932,80.184,6.2
12.932,80.188,6.6
12.932,80.192,5.8
12.932,80.196,6.2
12.932,80.2,6.2
12.932,80.204,5.7
12.932,80.208,4.8
12.932,80.212,5.3
12.932,80.216,4.5
12.932,80.22,4.6
12.932,80.224,4.6
12.932,80.228,4.2
12.932,80.232,4.5
12.932,80.236,4.1
12.932,80.24,3.2
12.932,80.244,3.0
12.932,80.248,2.7
12.932,80.252,3.0
12.932,80.256,2.1
12.932,80.26,1.7
12.932,80.264,1.5
12.932,80.268,1.6
12.932,80.272,2.2
12.932,80.276,1.6
12.932,80.28,1.6
12.932,80.284,0.5
12.932,80.288,0.5
12.936,80.12,9.7
12.936,80.124,9.8
12.936,80.128,9.4
12.936,80.132,10.0
12.936,80.136,8.8
12.936,80.14,9.4
12.936,80.144,8.2
12.936,80.148,7.9
12.936,80.152,8.3
12.936,80.156,8.1
12.936,80.16,8.1
12.936,80.164,7.2
12.936,80.168,7.8
12.936,80.172,7.7
12.936,80.176,6.4
12.936,80.18,6.4
12.936,80.184,6.6
12.936,80.188,6.2
12.936,80.192,6.2
12.936,80.196,6.0
12.936,80.2,6.0
12.936,80.204,5.2
12.936,80.208,5.7
12.936,80.212,4.7
12.936,80.216,4.9
12.936,80.22,4.4
12.936,80.224,4.4
12.936,80.228,3.5
12.936,80.232,4.5
12.936,80.236,3.1
12.936,80.24,3.8
12.936,80.244,3.4
12.936,80.248,2.7
12.936,80.252,2.2
12.936,80.256,2.2
12.936,80.26,2.4
12.936,80.264,1.7
12.936,80.268,1.8
12.936,80.272,1.9
12.936,80.276,1.4
12.936,80.28,0.6
12.936,80.284,0.7
12.936,80.288,0.7
12.94,80.12,10.5
12.94,80.124,9.2
12.94,80.128,9.2
12.94,80.132,9.1
12.94,80.136,9.5
12.94,80.14,9.0
12.94,80.144,9.1
12.94,80.148,8.1
12.94,80.152,7.8
12.94,80.156,7.7
12.94,80.16,7.4
12.94,80.164,7.3
12.94,80.168,6.9
12.94,80.172,6.6
12.94,80.176,7.3
12.94,80.18,6.8
12.94,80.184,6.9
12.94,80.188,6.8
12.94,80.192,6.0
12.94,80.196,5.8
12.94,80.2,5.4
12.94,80.204,5.3
12.94,80.208,4.9
12.94,80.212,5.0
12.94,80.216,4.7
12.94,80.22,4.7
12.94,80.224,4.8
12.94,80.228,4.4
12.94,80.232,4.0
12.94,80.236,3.0
12.94,80.24,3.1
12.94,80.244,3.4
12.94,80.248,3.5
12.94,80.252,2.9
12.94,80.256,1.9
12.94,80.26,2.7
12.94,80.264,2.5
12.94,80.268,2.0
12.94,80.272,2.0
12.94,80.276,1.0
12.94,80.28,1.2
12.94,80.284,0.9
12.94,80.288,0.7
12.944,80.12,10.7
12.944,80.124,9.7
12.944,80.128,10.0
12.944,80.132,10.0
12.944,80.136,9.1
12.944,80.14,8.8
12.944,80.144,8.5
12.944,80.148,8.0
12.944,80.152,7.8
12.944,80.156,7.9
12.944,80.16,7.8
12.944,80.164,7.8
12.944,80.168,7.3
12.944,80.172,7.5
12.944,80.176,6.3
12.944,80.18,6.2
12.944,80.184,6.2
12.944,80.188,5.8
12.944,80.192,6.4
12.944,80.196,6.3
12.944,80.2,6.0
12.944,80.204,4.8
12.944,80.208,5.7
12.944,80.212,4.9
12.944,80.216,4.2
12.944,80.22,4.5
12.944,80.224,4.5
12.944,80.228,4.1
12.944,80.232,3.8
12.944,80.236,3.1
12.944,80.24,3.1
12.944,80.244,2.7
12.944,80.248,2.7
12.944,80.252,3.3
12.944,80.256,2.5
12.944,80.26,1.7
12.944,80.264,2.3
12.944,80.268,2.3
12.944,80.272,1.9
12.944,80.276,1.2
12.944,80.28,0.6
12.944,80.284,0.9
12.944,80.288,0.6
12.948,80.12,10.5
12.948,80.124,9.3
12.948,80.128,10.2
12.948,80.132,9.6
12.948,80.136,8.7
12.948,80.14,9.5
12.948,80.144,8.4
12.948,80.148,8.8
12.948,80.152,8.2
12.948,80.156,8.0
12.948,80.16,7.8
12.948,80.164,7.5
12.948,80.168,6.9
12.948,80.172,6.8
12.948,80.176,7.1
12.948,80.18,7.0
12.948,80.184,6.0
12.948,80.188,5.7
12.948,80.192,6.4
12.948,80.196,6.3
12.948,80.2,5.4
12.948,80.204,5.8
12.948,80.208,4.9
12.948,80.212,4.3
12.948,80.216,5.0
12.948,80.22,5.0
12.948,80.224,4.4
12.948,80.228,4.3
12.948,80.232,4.3
12.948,80.236,3.6
12.948,80.24,3.4
12.948,80.244,3.0
12.948,80.248,3.3
12.948,80.252,2.6
12.948,80.256,3.1
12.948,80.26,2.8
12.948,80.264,2.7
12.948,80.268,1.5
12.948,80.272,1.5
12.948,80.276,1.9
12.948,80.28,1.1
12.948,80.284,0.8
12.948,80.288,0.9
12.952,80.12,10.6
12.952,80.124,9.7
12.952,80.128,10.2
12.952,80.132,9.7
12.952,80.136,9.3
12.952,80.14,8.5
12.952,80.144,9.3
12.952,80.148,8.0
12.952,80.152,8.9
12.952,80.156,7.8
12.952,80.16,7.3
12.952,80.164,8.1
12.952,80.168,6.9
12.952,80.172,7.7
12.952,80.176,6.3
12.952,80.18,6.3
12.952,80.184,7.0
12.952,80.188,6.9
12.952,80.192,5.5
12.952,80.196,6.2
12.952,80.2,5.3
12.952,80.204,5.6
12.952,80.208,5.1
12.952,80.212,4.4
12.952,80.216,4.5
12.952,80.22,4.8
12.952,80.224,4.3
12.952,80.228,4.7
12.952,80.232,4.0
12.952,80.236,4.1
12.952,80.24,3.4
12.952,80.244,3.3
12.952,80.248,3.1
12.952,80.252,2.4
12.952,80.256,2.8
12.952,80.26,2.0
12.952,80.264,1.8
12.952,80.268,1.4
12.952,80.272,2.3
12.952,80.276,1.8
12.952,80.28,1.5
12.952,80.284,0.5
12.952,80.288,0.5
12.956,80.12,9.8
12.956,80.124,9.2
12.956,80.128,9.4
12.956,80.132,8.8
12.956,80.136,9.0
12.956,80.14,8.8
12.956,80.144,8.4
12.956,80.148,8.4
12.956,80.152,8.5
12.956,80.156,7.6
12.956,80.16,7.4
12.956,80.164,7.7
12.956,80.168,7.2
12.956,80.172,7.4
12.956,80.176,6.9
12.956,80.18,6.8
12.956,80.184,6.2
12.956,80.188,6.5
12.956,80.192,6.0
12.956,80.196,6.1
12.956,80.2,6.1
12.956,80.204,5.4
12.956,80.208,4.9
12.956,80.212,5.0
12.956,80.216,4.2
12.956,80.22,5.1
12.956,80.224,4.9
12.956,80.228,3.8
12.956,80.232,4.5
12.956,80.236,3.9
12.956,80.24,3.4
12.956,80.244,2.9
12.956,80.248,3.6
12.956,80.252,3.2
12.956,80.256,2.0
12.956,80.26,2.2
12.956,80.264,1.9
12.956,80.268,1.6
12.956,80.272,1.9
12.956,80.276,0.8
12.956,80.28,1.7
12.956,80.284,0.9
12.956,80.288,0.5
12.96,80.12,10.5
12.96,80.124,10.2
12.96,80.128,10.2
12.96,80.132,9.9
12.96,80.136,9.5
12.96,80.14,9.4
12.96,80.144,9.2
12.96,80.148,8.8
12.96,80.152,7.9
12.96,80.156,8.4
12.96,80.16,7.5
12.96,80.164,7.2
12.96,80.168,7.1
12.96,80.172,7.5
12.96,80.176,7.3
12.96,80.18,7.0
12.96,80.184,6.0
12.96,80.188,5.8
12.96,80.192,6.2
12.96,80.196,5.2
12.96,80.2,6.0
12.96,80.204,4.8
12.96,80.208,5.0
12.96,80.212,4.5
12.96,80.216,5.3
12.96,80.22,4.3
12.96,80.224,4.2
12.96,80.228,3.7
12.96,80.232,4.2
12.96,80.236,4.1
12.96,80.24,3.3
12.96,80.244,3.2
12.96,80.248,2.7
12.96,80.252,2.3
12.96,80.256,3.1
12.96,80.26,2.9
12.96,80.264,2.7
12.96,80.268,1.6
12.96,80.272,2.1
12.96,80.276,1.8
12.96,80.28,1.2
12.96,80.284,0.5
12.96,80.288,1.3
12.964,80.12,9.7
12.964,80.124,10.0
12.964,80.128,9.8
12.964,80.132,9.2
12.964,80.136,9.6
12.964,80.14,9.0
12.964,80.144,8.2
12.964,80.148,8.3
12.964,80.152,8.0
12.964,80.156,7.6
12.964,80.16,7.7
12.964,80.164,7.9
12.964,80.168,7.1
12.964,80.172,7.0
12.964,80.176,7.1
12.964,80.18,6.6
12.964,80.184,6.7
12.964,80.188,6.2
12.964,80.192,6.2
12.964,80.196,6.4
12.964,80.2,5.4
12.964,80.204,5.5
12.964,80.208,5.4
12.964,80.212,5.1
12.964,80.216,4.7
12.964,80.22,4.8
12.964,80.224,4.5
12.964,80.228,3.6
12.964,80.232,3.3
12.964,80.236,3.0
12.964,80.24,4.1
12.964,80.244,2.7
12.964,80.248,2.6
12.964,80.252,2.8
12.964,80.256,2.4
12.964,80.26,2.2
12.964,80.264,2.7
12.964,80.268,2.1
12.964,80.272,1.7
12.964,80.276,1.6
12.964,80.28,1.5
12.964,80.284,1.5
12.964,80.288,1.2
12.968,80.12,10.5
12.968,80.124,10.0
12.968,80.128,10.2
12.968,80.132,9.1
12.968,80.136,9.4
12.968,80.14,8.6
12.968,80.144,8.6
12.968,80.148,8.1
12.968,80.152,8.1
12.968,80.156,8.7
12.968,80.16,7.7
12.968,80.164,8.1
12.968,80.168,7.6
12.968,80.172,6.6
12.968,80.176,6.7
12.968,80.18,7.3
12.968,80.184,7.1
12.968,80.188,6.7
12.968,80.192,5.5
12.968,80.196,5.5
12.968,80.2,5.8
12.968,80.204,6.0
12.968,80.208,4.6
12.968,80.212,4.7
12.968,80.216,5.4
12.968,80.22,4.9
12.968,80.224,3.9
12.968,80.228,4.5
12.968,80.232,3.9
12.968,80.236,3.8
12.968,80.24,3.8
12.968,80.244,2.9
12.968,80.248,3.3
12.968,80.252,3.1
12.968,80.256,2.7
12.968,80.26,2.0
12.968,80.264,2.7
12.968,80.268,2.5
12.968,80.272,1.7
12.968,80.276,1.8
12.968,80.28,0.7
12.968,80.284,1.5
12.968,80.288,0.5
12.972,80.12,9.8
12.972,80.124,10.2
12.972,80.128,9.7
12.972,80.132,8.7
12.972,80.136,8.8
12.972,80.14,8.4
12.972,80.144,8.6
12.972,80.148,8.0
12.972,80.152,7.7
12.972,80.156,8.0
12.972,80.16,7.6
12.972,80.164,7.7
12.972,80.168,7.3
12.972,80.172,6.8
12.972,80.176,7.1
12.972,80.18,7.0
12.972,80.184,7.0
12.972,80.188,6.5
12.972,80.192,5.8
12.972,80.196,6.0
12.972,80.2,5.0
12.972,80.204,6.1
12.972,80.208,5.6
12.972,80.212,4.9
12.972,80.216,4.2
12.972,80.22,4.8
12.972,80.224,4.2
12.972,80.228,4.6
12.972,80.232,3.6
12.972,80.236,3.2
12.972,80.24,2.9
12.972,80.244,3.4
12.972,80.248,3.1
12.972,80.252,3.0
12.972,80.256,2.4
12.972,80.26,2.5
12.972,80.264,1.8
12.972,80.268,1.9
12.972,80.272,1.6
12.972,80.276,1.8
12.972,80.28,0.7
12.972,80.284,1.2
12.972,80.288,1.4
12.976,80.12,10.1
12.976,80.124,10.3
12.976,80.128,9.5
12.976,80.132,9.9
12.976,80.136,9.0
12.976,80.14,9.4
12.976,80.144,8.6
12.976,80.148,8.8
12.976,80.152,8.0
12.976,80.156,7.8
12.976,80.16,7.5
12.976,80.164,8.2
12.976,80.168,7.6
12.976,80.172,7.1
12.976,80.176,6.4
12.976,80.18,6.2
12.976,80.184,6.4
12.976,80.188,6.6
12.976,80.192,5.9
12.976,80.196,5.4
12.976,80.2,5.1
12.976,80.204,6.0
12.976,80.208,5.3
12.976,80.212,5.2
12.976,80.216,4.6
12.976,80.22,5.0
12.976,80.224,4.9
12.976,80.228,4.0
12.976,80.232,4.4
12.976,80.236,3.1
12.976,80.24,3.1
12.976,80.244,3.0
12.976,80.248,2.5
12.976,80.252,2.8
12.976,80.256,2.1
12.976,80.26,2.3
12.976,80.264,2.6
12.976,80.268,1.7
12.976,80.272,1.7
12.976,80.276,0.9
12.976,80.28,0.9
12.976,80.284,0.6
12.976,80.288,0.9
12.98,80.12,10.1
12.98,80.124,10.2
12.98,80.128,9.7
12.98,80.132,9.6
12.98,80.136,9.2
12.98,80.14,9.1
12.98,80.144,8.9
12.98,80.148,8.7
12.98,80.152,7.7
12.98,80.156,7.8
12.98,80.16,8.2
12.98,80.164,8.2
12.98,80.168,7.2
12.98,80.172,6.8
12.98,80.176,6.5
12.98,80.18,6.9
12.98,80.184,5.9
12.98,80.188,6.6
12.98,80.192,6.7
12.98,80.196,5.3
12.98,80.2,5.7
12.98,80.204,5.2
12.98,80.208,5.1
12.98,80.212,4.5
12.98,80.216,4.5
12.98,80.22,4.3
12.98,80.224,4.9
12.98,80.228,4.2
12.98,80.232,4.4
12.98,80.236,3.2
12.98,80.24,3.8
12.98,80.244,2.6
12.98,80.248,2.4
12.98,80.252,2.7
12.98,80.256,2.4
12.98,80.26,2.5
12.98,80.264,2.0
12.98,80.268,1.5
12.98,80.272,1.7
12.98,80.276,1.2
12.98,80.28,0.7
12.98,80.284,1.2
12.98,80.288,1.1
12.984,80.12,10.1
12.984,80.124,9.6
12.984,80.128,9.2
12.984,80.132,10.0
12.984,80.136,8.6
12.984,80.14,8.5
12.984,80.144,9.3
12.984,80.148,8.8
12.984,80.152,8.6
12.984,80.156,7.8
12.984,80.16,7.3
12.984,80.164,7.6
12.984,80.168,7.3
12.984,80.172,6.7
12.984,80.176,7.0
12.984,80.18,6.4
12.984,80.184,6.6
12.984,80.188,6.5
12.984,80.192,5.9
12.984,80.196,5.7
12.984,80.2,5.9
12.984,80.204,5.3
12.984,80.208,5.1
12.984,80.212,4.4
12.984,80.216,4.5
12.984,80.22,4.4
12.984,80.224,4.2
12.984,80.228,4.3
12.984,80.232,3.6
12.984,80.236,3.5
12.984,80.24,4.0
12.984,80.244,2.8
12.984,80.248,3.6
12.984,80.252,2.7
12.984,80.256,2.8
12.984,80.26,2.1
12.984,80.264,2.0
12.984,80.268,1.4
12.984,80.272,1.6
12.984,80.276,1.3
12.984,80.28,0.7
12.984,80.284,1.5
12.984,80.288,1.3
12.988,80.12,9.7
12.988,80.124,10.2
12.988,80.128,9.0
12.988,80.132,9.5
12.988,80.136,9.2
12.988,80.14,8.5
12.988,80.144,9.1
12.988,80.148,8.3
12.988,80.152,8.9
12.988,80.156,8.2
12.988,80.16,7.4
12.988,80.164,7.1
12.988,80.168,7.1
12.988,80.172,6.7
12.988,80.176,6.5
12.988,80.18,7.1
12.988,80.184,6.0
12.988,80.188,6.9
12.988,80.192,6.2
12.988,80.196,5.8
12.988,80.2,5.7
12.988,80.204,5.5
12.988,80.208,5.4
12.988,80.212,5.5
12.988,80.216,4.9
12.988,80.22,5.2
12.988,80.224,4.1
12.988,80.228,4.7
12.988,80.232,3.6
12.988,80.236,3.6
12.988,80.24,3.4
12.988,80.244,3.4
12.988,80.248,3.4
12.988,80.252,2.9
12.988,80.256,2.4
12.988,80.26,1.8
12.988,80.264,2.1
12.988,80.268,1.3
12.988,80.272,1.5
12.988,80.276,1.2
12.988,80.28,1.4
12.988,80.284,1.6
12.988,80.288,0.5
12.992,80.12,10.1
12.992,80.124,9.7
12.992,80.128,9.7
12.992,80.132,10.0
12.992,80.136,9.5
12.992,80.14,8.3
12.992,80.144,9.2
12.992,80.148,8.6
12.992,80.152,7.9
12.992,80.156,8.2
12.992,80.16,7.8
12.992,80.164,8.2
12.992,80.168,7.3
12.992,80.172,7.6
12.992,80.176,7.4
12.992,80.18,7.4
12.992,80.184,6.0
12.992,80.188,6.5
12.992,80.192,5.5
12.992,80.196,6.1
12.992,80.2,6.3
12.992,80.204,5.4
12.992,80.208,5.3
12.992,80.212,4.8
12.992,80.216,5.3
12.992,80.22,4.4
12.992,80.224,4.7
12.992,80.228,4.3
12.992,80.232,3.3
12.992,80.236,3.8
12.992,80.24,3.2
12.992,80.244,3.0
12.992,80.248,3.1
12.992,80.252,2.6
12.992,80.256,2.2
12.992,80.26,2.8
12.992,80.264,2.7
12.992,80.268,2.0
12.992,80.272,1.2
12.992,80.276,0.9
12.992,80.28,1.4
12.992,80.284,1.5
12.992,80.288,0.7
12.996,80.12,10.2
12.996,80.124,10.0
12.996,80.128,9.1
12.996,80.132,9.6
12.996,80.136,8.6
12.996,80.14,9.0
12.996,80.144,8.9
12.996,80.148,8.3
12.996,80.152,7.8
12.996,80.156,8.3
12.996,80.16,8.4
12.996,80.164,8.3
12.996,80.168,7.9
12.996,80.172,6.6
12.996,80.176,7.2
12.996,80.18,6.7
12.996,80.184,5.9
12.996,80.188,6.0
12.996,80.192,6.7
12.996,80.196,5.6
12.996,80.2,6.0
12.996,80.204,5.0
12.996,80.208,5.8
12.996,80.212,4.5
12.996,80.216,4.5
12.996,80.22,4.9
12.996,80.224,4.3
12.996,80.228,4.1
12.996,80.232,4.2
12.996,80.236,3.7
12.996,80.24,3.6
12.996,80.244,3.7
12.996,80.248,3.1
12.996,80.252,2.9
12.996,80.256,2.1
12.996,80.26,1.9
12.996,80.264,2.4
12.996,80.268,2.0
12.996,80.272,2.2
12.996,80.276,1.7
12.996,80.28,0.6
12.996,80.284,0.8
12.996,80.288,1.2
13.0,80.12,10.6
13.0,80.124,9.9
13.0,80.128,9.9
13.0,80.132,9.7
13.0,80.136,8.8
13.0,80.14,8.6
13.0,80.144,9.3
13.0,80.148,8.9
13.0,80.152,8.8
13.0,80.156,7.6
13.0,80.16,8.1
13.0,80.164,7.7
13.0,80.168,7.3
13.0,80.172,7.5
13.0,80.176,7.3
13.0,80.18,6.7
13.0,80.184,6.4
13.0,80.188,5.8
13.0,80.192,5.7
13.0,80.196,6.0
13.0,80.2,6.1
13.0,80.204,4.8
13.0,80.208,5.2
13.0,80.212,4.8
13.0,80.216,5.3
13.0,80.22,4.8
13.0,80.224,4.3
13.0,80.228,3.6
13.0,80.232,3.3
13.0,80.236,3.2
13.0,80.24,3.4
13.0,80.244,3.2
13.0,80.248,3.4
13.0,80.252,2.2
13.0,80.256,3.1
13.0,80.26,2.7
13.0,80.264,2.6
13.0,80.268,2.4
13.0,80.272,1.6
13.0,80.276,1.3
13.0,80.28,1.1
13.0,80.284,0.9
13.0,80.288,0.5
13.004,80.12,9.7
13.004,80.124,9.6
13.004,80.128,9.1
13.004,80.132,9.6
13.004,80.136,8.9
13.004,80.14,8.5
13.004,80.144,8.1
13.004,80.148,9.0
13.004,80.152,8.2
13.004,80.156,8.5
13.004,80.16,8.2
13.004,80.164,7.6
13.004,80.168,7.5
13.004,80.172,7.7
13.004,80.176,6.3
13.004,80.18,6.4
13.004,80.184,6.0
13.004,80.188,6.9
13.004,80.192,6.2
13.004,80.196,5.7
13.004,80.2,6.0
13.004,80.204,5.1
13.004,80.208,4.7
13.004,80.212,4.6
13.004,80.216,4.9
13.004,80.22,4.7
13.004,80.224,3.7
13.004,80.228,4.5
13.004,80.232,3.9
13.004,80.236,3.7
13.004,80.24,3.6
13.004,80.244,3.3
13.004,80.248,3.3
13.004,80.252,2.5
13.004,80.256,1.9
13.004,80.26,2.1
13.004,80.264,2.2
13.004,80.268,1.5
13.004,80.272,1.9
13.004,80.276,1.5
13.004,80.28,1.0
13.004,80.284,1.6
13.004,80.288,1.0
13.008,80.12,10.4
13.008,80.124,9.8
13.008,80.128,9.0
13.008,80.132,9.9
13.008,80.136,8.6
13.008,80.14,8.8
13.008,80.144,8.5
13.008,80.148,8.8
13.008,80.152,8.1
13.008,80.156,7.5
13.008,80.16,7.5
13.008,80.164,7.8
13.008,80.168,6.9
13.008,80.172,7.3
13.008,80.176,7.3
13.008,80.18,6.2
13.008,80.184,6.3
13.008,80.188,6.1
13.008,80.192,6.3
13.008,80.196,6.3
13.008,80.2,5.9
13.008,80.204,6.0
13.008,80.208,5.2
13.008,80.212,4.6
13.008,80.216,4.3
13.008,80.22,4.8
13.008,80.224,4.9
13.008,80.228,3.5
13.008,80.232,3.5
13.008,80.236,4.0
13.008,80.24,3.9
13.008,80.244,3.0
13.008,80.248,2.7
13.008,80.252,2.6
13.008,80.256,3.0
13.008,80.26,2.3
13.008,80.264,1.5
13.008,80.268,2.1
13.008,80.272,1.4
13.008,80.276,1.9
13.008,80.28,0.6
13.008,80.284,1.2
13.008,80.288,0.7
13.012,80.12,10.4
13.012,80.124,9.7
13.012,80.128,9.5
13.012,80.132,9.3
13.012,80.136,9.7
13.012,80.14,8.7
13.012,80.144,8.3
13.012,80.148,8.7
13.012,80.152,8.1
13.012,80.156,8.4
13.012,80.16,7.5
13.012,80.164,7.1
13.012,80.168,7.3
13.012,80.172,7.1
13.012,80.176,7.6
13.012,80.18,6.3
13.012,80.184,6.2
13.012,80.188,5.8
13.012,80.192,5.8
13.012,80.196,5.6
13.012,80.2,5.6
13.012,80.204,5.7
13.012,80.208,4.8
13.012,80.212,4.9
13.012,80.216,4.7
13.012,80.22,4.8
13.012,80.224,4.8
13.012,80.228,4.2
13.012,80.232,3.8
13.012,80.236,3.8
13.012,80.24,3.8
13.012,80.244,2.6
13.012,80.248,3.2
13.012,80.252,2.6
13.012,80.256,2.6
13.012,80.26,2.6
13.012,80.264,1.7
13.012,80.268,1.3
13.012,80.272,2.1
13.012,80.276,1.7
13.012,80.28,1.1
13.012,80.284,0.5
13.012,80.288,0.6
13.016,80.12,10.2
13.016,80.124,9.6
13.016,80.128,10.2
13.016,80.132,8.8
13.016,80.136,8.7
13.016,80.14,8.9
13.016,80.144,8.5
13.016,80.148,8.4
13.016,80.152,7.7
13.016,80.156,7.6
13.016,80.16,7.7
13.016,80.164,7.4
13.016,80.168,7.1
13.016,80.172,7.8
13.016,80.176,6.3
13.016,80.18,6.3
13.016,80.184,6.5
13.016,80.188,6.8
13.016,80.192,5.6
13.016,80.196,6.2
13.016,80.2,5.9
13.016,80.204,5.0
13.016,80.208,5.3
13.016,80.212,5.2
13.016,80.216,5.4
13.016,80.22,4.1
13.016,80.224,3.8
13.016,80.228,3.5
13.016,80.232,3.4
13.016,80.236,3.9
13.016,80.24,4.1
13.016,80.244,3.6
13.016,80.248,3.6
13.016,80.252,3.4
13.016,80.256,2.8
13.016,80.26,2.6
13.016,80.264,2.2
13.016,80.268,1.6
13.016,80.272,1.4
13.016,80.276,1.0
13.016,80.28,1.5
13.016,80.284,1.3
13.016,80.288,0.5
13.02,80.12,9.8
13.02,80.124,9.4
13.02,80.128,10.2
13.02,80.132,9.7
13.02,80.136,8.8
13.02,80.14,8.9
13.02,80.144,8.5
13.02,80.148,8.6
13.02,80.152,8.2
13.02,80.156,8.7
13.02,80.16,7.3
13.02,80.164,8.1
13.02,80.168,6.8
13.02,80.172,7.0
13.02,80.176,7.2
13.02,80.18,6.7
13.02,80.184,6.4
13.02,80.188,6.2
13.02,80.192,6.2
13.02,80.196,5.4
13.02,80.2,5.4
13.02,80.204,4.9
13.02,80.208,5.1
13.02,80.212,5.0
13.02,80.216,4.3
13.02,80.22,5.0
13.02,80.224,4.4
13.02,80.228,4.2
13.02,80.232,4.2
13.02,80.236,3.2
13.02,80.24,3.4
13.02,80.244,3.7
13.02,80.248,3.4
13.02,80.252,2.8
13.02,80.256,2.3
13.02,80.26,1.9
13.02,80.264,2.7
13.02,80.268,1.5
13.02,80.272,2.2
13.02,80.276,1.5
13.02,80.28,0.9
13.02,80.284,0.5
13.02,80.288,0.6
13.024,80.12,10.6
13.024,80.124,9.5
13.024,80.128,9.7
13.024,80.132,9.5
13.024,80.136,8.6
13.024,80.14,9.1
13.024,80.144,8.8
13.024,80.148,8.6
13.024,80.152,7.8
13.024,80.156,8.2
13.024,80.16,8.3
13.024,80.164,7.4
13.024,80.168,7.9
13.024,80.172,6.6
13.024,80.176,7.4
13.024,80.18,6.2
13.024,80.184,7.1
13.024,80.188,6.6
13.024,80.192,5.8
13.024,80.196,5.5
13.024,80.2,5.7
13.024,80.204,5.6
13.024,80.208,4.6
13.024,80.212,5.5
13.024,80.216,4.8
13.024,80.22,4.7
13.024,80.224,4.0
13.024,80.228,3.8
13.024,80.232,4.3
13.024,80.236,3.5
13.024,80.24,3.4
13.024,80.244,3.5
13.024,80.248,2.5
13.024,80.252,2.7
13.024,80.256,2.5
13.024,80.26,2.1
13.024,80.264,1.6
13.024,80.268,2.4
13.024,80.272,1.4
13.024,80.276,2.1
13.024,80.28,1.0
13.024,80.284,0.9
13.024,80.288,1.3
13.028,80.12,10.0
13.028,80.124,9.3
13.028,80.128,9.2
13.028,80.132,8.9
13.028,80.136,9.1
13.028,80.14,8.5
13.028,80.144,8.1
13.028,80.148,9.1
13.028,80.152,8.7
13.028,80.156,7.9
13.028,80.16,8.4
13.028,80.164,8.1
13.028,80.168,7.8
13.028,80.172,7.7
13.028,80.176,7.2
13.028,80.18,6.3
13.028,80.184,6.1
13.028,80.188,6.9
13.028,80.192,6.0
13.028,80.196,6.3
13.028,80.2,5.6
13.028,80.204,4.9
13.028,80.208,5.0
13.028,80.212,4.9
13.028,80.216,4.4
13.028,80.22,4.6
13.028,80.224,3.7
13.028,80.228,3.8
13.028,80.232,4.0
13.028,80.236,4.1
13.028,80.24,3.6
13.028,80.244,2.9
13.028,80.248,2.3
13.028,80.252,2.3
13.028,80.256,2.1
13.028,80.26,2.0
13.028,80.264,1.9
13.028,80.268,1.8
13.028,80.272,1.1
13.028,80.276,0.9
13.028,80.28,1.3
13.028,80.284,0.8
13.028,80.288,0.7
13.032,80.12,9.9
13.032,80.124,9.7
13.032,80.128,9.6
13.032,80.132,9.8
13.032,80.136,9.3
13.032,80.14,9.1
13.032,80.144,8.2
13.032,80.148,8.0
13.032,80.152,8.1
13.032,80.156,8.7
13.032,80.16,7.9
13.032,80.164,7.4
13.032,80.168,6.9
13.032,80.172,7.3
13.032,80.176,6.8
13.032,80.18,6.1
13.032,80.184,5.9
13.032,80.188,6.6
13.032,80.192,6.5
13.032,80.196,5.9
13.032,80.2,5.2
13.032,80.204,5.9
13.032,80.208,4.7
13.032,80.212,5.5
13.032,80.216,4.5
13.032,80.22,4.4
13.032,80.224,4.5
13.032,80.228,4.5
13.032,80.232,4.0
13.032,80.236,3.7
13.032,80.24,3.4
13.032,80.244,3.2
13.032,80.248,3.1
13.032,80.252,2.7
13.032,80.256,1.9
13.032,80.26,2.1
13.032,80.264,1.6
13.032,80.268,1.8
13.032,80.272,1.4
13.032,80.276,2.0
13.032,80.28,1.7
13.032,80.284,1.2
13.032,80.288,1.1
13.036,80.12,9.7
13.036,80.124,10.0
13.036,80.128,10.2
13.036,80.132,9.5
13.036,80.136,8.8
13.036,80.14,8.3
13.036,80.144,8.7
13.036,80.148,8.5
13.036,80.152,8.6
13.036,80.156,8.4
13.036,80.16,7.7
13.036,80.164,8.0
13.036,80.168,7.0
13.036,80.172,7.3
13.036,80.176,7.2
13.036,80.18,6.3
13.036,80.184,6.4
13.036,80.188,6.2
13.036,80.192,6.0
13.036,80.196,5.5
13.036,80.2,5.6
13.036,80.204,5.5
13.036,80.208,5.1
13.036,80.212,5.4
13.036,80.216,5.0
13.036,80.22,4.8
13.036,80.224,4.3
13.036,80.228,4.2
13.036,80.232,4.5
13.036,80.236,3.6
13.036,80.24,3.3
13.036,80.244,3.8
13.036,80.248,2.9
13.036,80.252,2.8
13.036,80.256,2.6
13.036,80.26,2.6
13.036,80.264,2.6
13.036,80.268,2.1
13.036,80.272,2.1
13.036,80.276,1.1
13.036,80.28,1.2
13.036,80.284,1.6
13.036,80.288,0.7
13.04,80.12,9.8
13.04,80.124,10.4
13.04,80.128,10.2
13.04,80.132,9.7
13.04,80.136,9.4
13.04,80.14,9.2
13.04,80.144,8.7
13.04,80.148,8.5
13.04,80.152,8.3
13.04,80.156,8.6
13.04,80.16,8.1
13.04,80.164,7.3
13.04,80.168,7.5
13.04,80.172,7.2
13.04,80.176,7.5
13.04,80.18,6.6
13.04,80.184,6.3
13.04,80.188,6.6
13.04,80.192,5.6
13.04,80.196,5.2
13.04,80.2,6.2
13.04,80.204,4.9
13.04,80.208,5.7
13.04,80.212,5.2
13.04,80.216,5.1
13.04,80.22,4.2
13.04,80.224,4.7
13.04,80.228,3.8
13.04,80.232,3.9
13.04,80.236,3.3
13.04,80.24,2.9
13.04,80.244,3.5
13.04,80.248,2.6
13.04,80.252,2.2
13.04,80.256,3.1
13.04,80.26,2.0
13.04,80.264,1.8
13.04,80.268,1.4
13.04,80.272,1.4
13.04,80.276,1.4
13.04,80.28,1.5
13.04,80.284,0.5
13.04,80.288,1.6
13.044,80.12,10.6
13.044,80.124,9.4
13.044,80.128,9.8
13.044,80.132,9.9
13.044,80.136,9.1
13.044,80.14,9.1
13.044,80.144,9.0
13.044,80.148,8.2
13.044,80.152,8.0
13.044,80.156,7.5
13.044,80.16,8.2
13.044,80.164,7.8
13.044,80.168,7.0
13.044,80.172,7.5
13.044,80.176,7.4
13.044,80.18,6.1
13.044,80.184,7.1
13.044,80.188,6.2
13.044,80.192,6.5
13.044,80.196,6.4
13.044,80.2,5.0
13.044,80.204,5.8
13.044,80.208,5.6
13.044,80.212,4.6
13.044,80.216,5.1
13.044,80.22,5.0
13.044,80.224,4.0
13.044,80.228,3.5
13.044,80.232,3.6
13.044,80.236,3.8
13.044,80.24,4.0
13.044,80.244,3.0
13.044,80.248,2.9
13.044,80.252,2.9
13.044,80.256,2.6
13.044,80.26,2.8
13.044,80.264,1.6
13.044,80.268,1.9
13.044,80.272,1.4
13.044,80.276,1.8
13.044,80.28,1.0
13.044,80.284,1.3
13.044,80.288,1.1
13.048,80.12,10.3
13.048,80.124,9.2
13.048,80.128,9.4
13.048,80.132,9.1
13.048,80.136,9.4
13.048,80.14,8.5
13.048,80.144,8.8
13.048,80.148,8.7
13.048,80.152,8.1
13.048,80.156,8.0
13.048,80.16,7.6
13.048,80.164,7.5
13.048,80.168,6.9
13.048,80.172,7.8
13.048,80.176,6.9
13.048,80.18,7.3
13.048,80.184,5.9
13.048,80.188,6.1
13.048,80.192,6.0
13.048,80.196,5.5
13.048,80.2,5.4
13.048,80.204,5.5
13.048,80.208,5.3
13.048,80.212,4.7
13.048,80.216,4.6
13.048,80.22,4.2
13.048,80.224,4.5
13.048,80.228,4.0
13.048,80.232,3.4
13.048,80.236,3.9
13.048,80.24,4.0
13.048,80.244,3.7
13.048,80.248,3.3
13.048,80.252,3.0
13.048,80.256,2.7
13.048,80.26,2.9
13.048,80.264,1.9
13.048,80.268,1.5
13.048,80.272,2.3
13.048,80.276,1.4
13.048,80.28,1.2
13.048,80.284,1.6
13.048,80.288,0.8
13.052,80.12,10.3
13.052,80.124,10.3
13.052,80.128,9.9
13.052,80.132,9.8
13.052,80.136,9.6
13.052,80.14,9.3
13.052,80.144,8.9
13.052,80.148,8.6
13.052,80.152,8.6
13.052,80.156,8.1
13.052,80.16,7.9
13.052,80.164,7.4
13.052,80.168,7.9
13.052,80.172,6.7
13.052,80.176,7.4
13.052,80.18,7.2
13.052,80.184,6.1
13.052,80.188,6.3
13.052,80.192,5.6
13.052,80.196,6.3
13.052,80.2,5.5
13.052,80.204,5.6
13.052,80.208,5.5
13.052,80.212,5.0
13.052,80.216,5.3
13.052,80.22,4.5
13.052,80.224,3.7
13.052,80.228,3.6
13.052,80.232,3.8
13.052,80.236,3.7
13.052,80.24,3.5
13.052,80.244,3.4
13.052,80.248,2.7
13.052,80.252,2.1
13.052,80.256,2.2
13.052,80.26,1.7
13.052,80.264,1.7
13.052,80.268,1.3
13.052,80.272,1.6
13.052,80.276,1.7
13.052,80.28,1.3
13.052,80.284,0.5
13.052,80.288,1.5
13.056,80.12,10.7
13.056,80.124,9.8
13.056,80.128,9.3
13.056,80.132,8.9
13.056,80.136,8.7
13.056,80.14,9.1
13.056,80.144,9.0
13.056,80.148,9.1
13.056,80.152,8.1
13.056,80.156,8.6
13.056,80.16,7.8
13.056,80.164,8.1
13.056,80.168,7.2
13.056,80.172,6.6
13.056,80.176,7.5
13.056,80.18,7.2
13.056,80.184,6.0
13.056,80.188,6.8
13.056,80.192,5.6
13.056,80.196,6.5
13.056,80.2,5.5
13.056,80.204,4.9
13.056,80.208,5.8
13.056,80.212,5.4
13.056,80.216,5.1
13.056,80.22,5.1
13.056,80.224,4.3
13.056,80.228,4.4
13.056,80.232,3.8
13.056,80.236,3.5
13.056,80.24,3.1
13.056,80.244,3.2
13.056,80.248,2.5
13.056,80.252,2.4
13.056,80.256,3.0
13.056,80.26,2.7
13.056,80.264,1.5
13.056,80.268,2.1
13.056,80.272,1.8
13.056,80.276,2.0
13.056,80.28,1.7
13.056,80.284,0.7
13.056,80.288,0.5
13.06,80.12,10.1
13.06,80.124,9.7
13.06,80.128,9.8
13.06,80.132,9.8
13.06,80.136,8.8
13.06,80.14,8.3
13.06,80.144,8.6
13.06,80.148,8.5
13.06,80.152,8.6
13.06,80.156,8.4
13.06,80.16,7.4
13.06,80.164,8.2
13.06,80.168,7.0
13.06,80.172,7.7
13.06,80.176,7.0
13.06,80.18,6.8
13.06,80.184,6.9
13.06,80.188,6.7
13.06,80.192,5.7
13.06,80.196,6.3
13.06,80.2,6.3
13.06,80.204,5.4
13.06,80.208,5.1
13.06,80.212,4.7
13.06,80.216,4.8
13.06,80.22,4.6
13.06,80.224,4.6
13.06,80.228,3.7
13.06,80.232,4.1
13.06,80.236,3.7
13.06,80.24,2.8
13.06,80.244,3.0
13.06,80.248,3.2
13.06,80.252,2.6
13.06,80.256,2.6
13.06,80.26,2.6
13.06,80.264,2.0
13.06,80.268,1.6
13.06,80.272,1.3
13.06,80.276,1.5
13.06,80.28,0.9
13.06,80.284,0.6
13.06,80.288,1.4
13.064,80.12,9.6
13.064,80.124,9.8
13.064,80.128,9.0
13.064,80.132,9.3
13.064,80.136,9.0
13.064,80.14,9.0
13.064,80.144,8.6
13.064,80.148,8.2
13.064,80.152,8.0
13.064,80.156,7.5
13.064,80.16,7.8
13.064,80.164,7.4
13.064,80.168,7.4
13.064,80.172,7.6
13.064,80.176,6.4
13.064,80.18,6.6
13.064,80.184,6.6
13.064,80.188,5.7
13.064,80.192,5.5
13.064,80.196,6.2
13.064,80.2,5.7
13.064,80.204,5.6
13.064,80.208,4.8
13.064,80.212,4.6
13.064,80.216,5.3
13.064,80.22,4.3
13.064,80.224,4.8
13.064,80.228,3.7
13.064,80.232,3.5
13.064,80.236,4.0
13.064,80.24,3.7
13.064,80.244,3.5
13.064,80.248,3.5
13.064,80.252,3.0
13.064,80.256,2.8
13.064,80.26,2.2
13.064,80.264,1.8
13.064,80.268,1.7
13.064,80.272,1.4
13.064,80.276,1.4
13.064,80.28,1.4
13.064,80.284,0.8
13.064,80.288,0.8
13.068,80.12,10.5
13.068,80.124,9.8
13.068,80.128,10.0
13.068,80.132,9.7
13.068,80.136,9.5
13.068,80.14,8.7
13.068,80.144,8.3
13.068,80.148,8.2
13.068,80.152,7.7
13.068,80.156,8.5
13.068,80.16,8.1
13.068,80.164,7.0
13.068,80.168,7.5
13.068,80.172,7.3
13.068,80.176,7.2
13.068,80.18,6.5
13.068,80.184,6.1
13.068,80.188,5.9
13.068,80.192,6.2
13.068,80.196,5.5
13.068,80.2,5.7
13.068,80.204,6.0
13.068,80.208,5.0
13.068,80.212,5.3
13.068,80.216,4.7
13.068,80.22,4.8
13.068,80.224,4.6
13.068,80.228,4.0
13.068,80.232,4.2
13.068,80.236,3.5
13.068,80.24,3.0
13.068,80.244,3.3
13.068,80.248,2.6
13.068,80.252,3.3
13.068,80.256,3.2
13.068,80.26,2.9
13.068,80.264,2.1
13.068,80.268,2.3
13.068,80.272,1.1
13.068,80.276,1.9
13.068,80.28,0.6
13.068,80.284,0.5
13.068,80.288,0.5
13.072,80.12,10.2
13.072,80.124,9.2
13.072,80.128,9.1
13.072,80.132,9.0
13.072,80.136,9.1
13.072,80.14,8.4
13.072,80.144,8.9
13.072,80.148,9.0
13.072,80.152,8.8
13.072,80.156,8.3
13.072,80.16,7.2
13.072,80.164,7.6
13.072,80.168,7.3
13.072,80.172,6.5
13.072,80.176,7.2
13.072,80.18,6.8
13.072,80.184,6.2
13.072,80.188,6.3
13.072,80.192,6.3
13.072,80.196,5.8
13.072,80.2,6.2
13.072,80.204,5.0
13.072,80.208,5.7
13.072,80.212,5.0
13.072,80.216,4.4
13.072,80.22,4.7
13.072,80.224,4.0
13.072,80.228,3.9
13.072,80.232,4.2
13.072,80.236,3.1
13.072,80.24,4.0
13.072,80.244,3.2
13.072,80.248,2.7
13.072,80.252,3.0
13.072,80.256,2.3
13.072,80.26,2.8
13.072,80.264,1.6
13.072,80.268,2.5
13.072,80.272,1.9
13.072,80.276,0.8
13.072,80.28,1.1
13.072,80.284,0.8
13.072,80.288,0.9
13.076,80.12,10.2
13.076,80.124,10.1
13.076,80.128,9.0
13.076,80.132,9.8
13.076,80.136,9.3
13.076,80.14,8.7
13.076,80.144,9.3
13.076,80.148,9.1
13.076,80.152,8.8
13.076,80.156,8.6
13.076,80.16,7.5
13.076,80.164,8.1
13.076,80.168,7.6
13.076,80.172,7.3
13.076,80.176,6.6
13.076,80.18,7.3
13.076,80.184,6.7
13.076,80.188,6.0
13.076,80.192,6.1
13.076,80.196,6.1
13.076,80.2,5.2
13.076,80.204,5.9
13.076,80.208,4.6
13.076,80.212,4.6
13.076,80.216,4.3
13.076,80.22,4.9
13.076,80.224,4.7
13.076,80.228,4.6
13.076,80.232,3.6
13.076,80.236,3.7
13.076,80.24,3.5
13.076,80.244,3.7
13.076,80.248,3.2
13.076,80.252,2.8
13.076,80.256,2.4
13.076,80.26,2.6
13.076,80.264,2.5
13.076,80.268,2.1
13.076,80.272,1.1
13.076,80.276,1.8
13.076,80.28,1.0
13.076,80.284,0.5
13.076,80.288,0.6
13.08,80.12,9.5
13.08,80.124,9.9
13.08,80.128,9.7
13.08,80.132,9.5
13.08,80.136,9.8
13.08,80.14,8.7
13.08,80.144,8.9
13.08,80.148,8.9
13.08,80.152,8.2
13.08,80.156,7.7
13.08,80.16,7.9
13.08,80.164,7.4
13.08,80.168,7.0
13.08,80.172,7.3
13.08,80.176,6.8
13.08,80.18,7.1
13.08,80.184,6.2
13.08,80.188,6.0
13.08,80.192,5.5
13.08,80.196,5.5
13.08,80.2,5.5
13.08,80.204,5.8
13.08,80.208,4.7
13.08,80.212,4.8
13.08,80.216,4.6
13.08,80.22,4.0
13.08,80.224,4.9
13.08,80.228,4.0
13.08,80.232,4.2
13.08,80.236,3.1
13.08,80.24,2.9
13.08,80.244,3.1
13.08,80.248,3.1
13.08,80.252,2.8
13.08,80.256,2.0
13.08,80.26,1.8
13.08,80.264,2.2
13.08,80.268,2.0
13.08,80.272,2.0
13.08,80.276,1.9
13.08,80.28,0.6
13.08,80.284,0.9
13.08,80.288,1.3
13.084,80.12,10.3
13.084,80.124,9.9
13.084,80.128,10.2
13.084,80.132,9.0
13.084,80.136,9.2
13.084,80.14,9.2
13.084,80.144,8.3
13.084,80.148,8.2
13.084,80.152,8.0
13.084,80.156,7.6
13.084,80.16,7.4
13.084,80.164,7.3
13.084,80.168,7.1
13.084,80.172,7.5
13.084,80.176,6.8
13.084,80.18,7.3
13.084,80.184,6.8
13.084,80.188,6.3
13.084,80.192,6.2
13.084,80.196,5.8
13.084,80.2,5.2
13.084,80.204,4.8
13.084,80.208,5.0
13.084,80.212,5.4
13.084,80.216,4.6
13.084,80.22,5.0
13.084,80.224,4.2
13.084,80.228,4.0
13.084,80.232,4.3
13.084,80.236,3.8
13.084,80.24,3.5
13.084,80.244,2.9
13.084,80.248,3.1
13.084,80.252,3.0
13.084,80.256,2.5
13.084,80.26,1.9
13.084,80.264,2.0
13.084,80.268,1.6
13.084,80.272,2.0
13.084,80.276,1.6
13.084,80.28,1.8
13.084,80.284,1.4
13.084,80.288,0.7
13.088,80.12,9.7
13.088,80.124,10.2
13.088,80.128,9.4
13.088,80.132,9.9
13.088,80.136,8.8
13.088,80.14,9.6
13.088,80.144,8.3
13.088,80.148,8.8
13.088,80.152,7.6
13.088,80.156,8.3
13.088,80.16,8.4
13.088,80.164,7.2
13.088,80.168,7.8
13.088,80.172,7.6
13.088,80.176,6.4
13.088,80.18,7.2
13.088,80.184,6.9
13.088,80.188,6.5
13.088,80.192,5.6
13.088,80.196,5.6
13.088,80.2,5.3
13.088,80.204,5.0
13.088,80.208,5.1
13.088,80.212,4.8
13.088,80.216,4.7
13.088,80.22,4.7
13.088,80.224,4.4
13.088,80.228,4.1
13.088,80.232,4.4
13.088,80.236,4.1
13.088,80.24,3.3
13.088,80.244,2.6
13.088,80.248,3.6
13.088,80.252,3.0
13.088,80.256,3.0
13.088,80.26,2.4
13.088,80.264,2.6
13.088,80.268,1.4
13.088,80.272,1.3
13.088,80.276,1.7
13.088,80.28,0.8
13.088,80.284,1.2
13.088,80.288,1.0
13.092,80.12,10.2
13.092,80.124,10.0
13.092,80.128,10.2
13.092,80.132,9.1
13.092,80.136,9.5
13.092,80.14,8.4
13.092,80.144,8.2
13.092,80.148,8.1
13.092,80.152,8.6
13.092,80.156,8.1
13.092,80.16,8.1
13.092,80.164,7.2
13.092,80.168,7.2
13.092,80.172,7.1
13.092,80.176,7.2
13.092,80.18,7.0
13.092,80.184,6.1
13.092,80.188,6.9
13.092,80.192,6.0
13.092,80.196,5.6
13.092,80.2,6.2
13.092,80.204,4.9
13.092,80.208,5.6
13.092,80.212,5.3
13.092,80.216,4.5
13.092,80.22,4.3
13.092,80.224,4.7
13.092,80.228,4.1
13.092,80.232,3.7
13.092,80.236,3.1
13.092,80.24,3.7
13.092,80.244,3.1
13.092,80.248,2.4
13.092,80.252,2.2
13.092,80.256,2.8
13.092,80.26,1.7
13.092,80.264,1.9
13.092,80.268,1.4
13.092,80.272,2.1
13.092,80.276,2.0
13.092,80.28,1.5
13.092,80.284,1.0
13.092,80.288,1.0
13.096,80.12,9.8
13.096,80.124,9.7
13.096,80.128,9.5
13.096,80.132,9.8
13.096,80.136,9.3
13.096,80.14,8.5
13.096,80.144,8.9
13.096,80.148,8.3
13.096,80.152,8.6
13.096,80.156,8.5
13.096,80.16,7.8
13.096,80.164,7.5
13.096,80.168,6.7
13.096,80.172,6.8
13.096,80.176,6.7
13.096,80.18,7.0
13.096,80.184,6.9
13.096,80.188,6.4
13.096,80.192,6.5
13.096,80.196,5.9
13.096,80.2,5.5
13.096,80.204,5.0
13.096,80.208,4.7
13.096,80.212,5.2
13.096,80.216,4.7
13.096,80.22,5.1
13.096,80.224,4.1
13.096,80.228,3.9
13.096,80.232,3.7
13.096,80.236,3.1
13.096,80.24,3.2
13.096,80.244,3.2
13.096,80.248,2.6
13.096,80.252,3.0
13.096,80.256,2.9
13.096,80.26,2.9
13.096,80.264,2.2
13.096,80.268,2.1
13.096,80.272,1.4
13.096,80.276,1.1
13.096,80.28,0.7
13.096,80.284,0.8
13.096,80.288,0.5
13.1,80.12,9.9
13.1,80.124,9.9
13.1,80.128,9.7
13.1,80.132,9.3
13.1,80.136,9.1
13.1,80.14,9.0
13.1,80.144,9.2
13.1,80.148,9.0
13.1,80.152,7.8
13.1,80.156,7.6
13.1,80.16,7.6
13.1,80.164,7.2
13.1,80.168,7.8
13.1,80.172,7.3
13.1,80.176,7.4
13.1,80.18,7.3
13.1,80.184,6.5
13.1,80.188,5.9
13.1,80.192,5.9
13.1,80.196,5.9
13.1,80.2,5.8
13.1,80.204,5.3
13.1,80.208,5.2
13.1,80.212,5.2
13.1,80.216,4.7
13.1,80.22,4.1
13.1,80.224,4.4
13.1,80.228,4.5
13.1,80.232,3.5
13.1,80.236,3.0
13.1,80.24,3.1
13.1,80.244,2.9
13.1,80.248,3.3
13.1,80.252,2.9
13.1,80.256,2.9
13.1,80.26,2.3
13.1,80.264,2.1
13.1,80.268,2.0
13.1,80.272,1.4
13.1,80.276,1.5
13.1,80.28,1.9
13.1,80.284,1.1
13.1,80.288,1.3
13.104,80.12,10.4
13.104,80.124,9.7
13.104,80.128,9.2
13.104,80.132,9.3
13.104,80.136,9.5
13.104,80.14,9.1
13.104,80.144,8.4
13.104,80.148,9.0
13.104,80.152,7.7
13.104,80.156,7.7
13.104,80.16,8.3
13.104,80.164,7.1
13.104,80.168,7.9
13.104,80.172,6.7
13.104,80.176,7.4
13.104,80.18,6.3
13.104,80.184,6.8
13.104,80.188,6.5
13.104,80.192,6.5
13.104,80.196,6.0
13.104,80.2,5.5
13.104,80.204,5.6
13.104,80.208,5.6
13.104,80.212,5.4
13.104,80.216,5.1
13.104,80.22,4.6
13.104,80.224,4.3
13.104,80.228,4.2
13.104,80.232,3.4
13.104,80.236,4.3
13.104,80.24,3.2
13.104,80.244,3.3
13.104,80.248,3.6
13.104,80.252,2.8
13.104,80.256,3.1
13.104,80.26,2.7
13.104,80.264,1.6
13.104,80.268,2.2
13.104,80.272,1.6
13.104,80.276,0.9
13.104,80.28,0.9
13.104,80.284,1.2
13.104,80.288,1.2
13.108,80.12,9.5
13.108,80.124,9.3
13.108,80.128,9.4
13.108,80.132,9.0
13.108,80.136,9.6
13.108,80.14,8.8
13.108,80.144,8.2
13.108,80.148,8.7
13.108,80.152,8.4
13.108,80.156,7.9
13.108,80.16,7.3
13.108,80.164,8.0
13.108,80.168,7.7
13.108,80.172,7.0
13.108,80.176,7.3
13.108,80.18,7.0
13.108,80.184,7.0
13.108,80.188,6.2
13.108,80.192,6.0
13.108,80.196,6.0
13.108,80.2,6.1
13.108,80.204,5.9
13.108,80.208,4.7
13.108,80.212,5.6
13.108,80.216,4.9
13.108,80.22,4.8
13.108,80.224,4.8
13.108,80.228,4.5
13.108,80.232,3.7
13.108,80.236,4.3
13.108,80.24,3.8
13.108,80.244,3.2
13.108,80.248,2.8
13.108,80.252,2.5
13.108,80.256,2.6
13.108,80.26,1.8
13.108,80.264,2.6
13.108,80.268,2.3
13.108,80.272,2.2
13.108,80.276,1.8
13.108,80.28,0.6
13.108,80.284,1.2
13.108,80.288,1.4
13.112,80.12,9.4
13.112,80.124,10.4
13.112,80.128,9.1
13.112,80.132,9.3
13.112,80.136,9.8
13.112,80.14,8.8
13.112,80.144,9.3
13.112,80.148,9.0
13.112,80.152,8.8
13.112,80.156,7.8
13.112,80.16,8.3
13.112,80.164,8.1
13.112,80.168,6.9
13.112,80.172,7.0
13.112,80.176,6.4
13.112,80.18,6.9
13.112,80.184,6.7
13.112,80.188,5.7
13.112,80.192,6.2
13.112,80.196,6.1
13.112,80.2,6.0
13.112,80.204,5.3
13.112,80.208,4.7
13.112,80.212,4.4
13.112,80.216,4.4
13.112,80.22,4.0
13.112,80.224,4.4
13.112,80.228,4.1
13.112,80.232,3.8
13.112,80.236,3.0
13.112,80.24,3.2
13.112,80.244,2.7
13.112,80.248,3.5
13.112,80.252,3.0
13.112,80.256,2.5
13.112,80.26,2.0
13.112,80.264,1.6
13.112,80.268,2.3
13.112,80.272,1.1
13.112,80.276,1.3
13.112,80.28,1.0
13.112,80.284,0.9
13.112,80.288,1.4
13.116,80.12,10.5
13.116,80.124,10.0
13.116,80.128,9.8
13.116,80.132,8.8
13.116,80.136,9.2
13.116,80.14,9.1
13.116,80.144,8.3
13.116,80.148,8.3
13.116,80.152,7.9
13.116,80.156,8.4
13.116,80.16,8.4
13.116,80.164,7.8
13.116,80.168,7.3
13.116,80.172,6.8
13.116,80.176,7.5
13.116,80.18,6.3
13.116,80.184,6.0
13.116,80.188,6.6
13.116,80.192,5.9
13.116,80.196,5.8
13.116,80.2,6.0
13.116,80.204,5.1
13.116,80.208,5.4
13.116,80.212,4.6
13.116,80.216,4.9
13.116,80.22,4.8
13.116,80.224,4.0
13.116,80.228,4.7
13.116,80.232,3.2
13.116,80.236,4.1
13.116,80.24,3.9
13.116,80.244,2.8
13.116,80.248,3.1
13.116,80.252,2.4
13.116,80.256,2.4
13.116,80.26,2.5
13.116,80.264,2.5
13.116,80.268,2.3
13.116,80.272,1.3
13.116,80.276,1.3
13.116,80.28,0.9
13.116,80.284,1.2
13.116,80.288,0.5
13.12,80.12,10.5
13.12,80.124,9.2
13.12,80.128,9.4
13.12,80.132,9.1
13.12,80.136,9.0
13.12,80.14,9.4
13.12,80.144,8.6
13.12,80.148,8.5
13.12,80.152,7.8
13.12,80.156,8.0
13.12,80.16,8.5
13.12,80.164,7.0
13.12,80.168,7.5
13.12,80.172,6.5
13.12,80.176,6.6
13.12,80.18,7.3
13.12,80.184,7.1
13.12,80.188,6.2
13.12,80.192,5.8
13.12,80.196,6.1
13.12,80.2,6.0
13.12,80.204,5.3
13.12,80.208,5.1
13.12,80.212,5.1
13.12,80.216,4.8
13.12,80.22,4.1
13.12,80.224,3.8
13.12,80.228,3.5
13.12,80.232,4.4
13.12,80.236,4.3
13.12,80.24,3.0
13.12,80.244,3.0
13.12,80.248,3.1
13.12,80.252,3.1
13.12,80.256,2.7
13.12,80.26,2.5
13.12,80.264,1.9
13.12,80.268,1.8
13.12,80.272,2.3
13.12,80.276,1.1
13.12,80.28,0.9
13.12,80.284,1.6
13.12,80.288,0.5
13.124,80.12,10.2
13.124,80.124,9.2
13.124,80.128,9.8
13.124,80.132,9.6
13.124,80.136,8.7
13.124,80.14,8.3
13.124,80.144,8.2
13.124,80.148,7.8
13.124,80.152,8.3
13.124,80.156,7.8
13.124,80.16,7.8
13.124,80.164,8.0
13.124,80.168,7.1
13.124,80.172,7.0
13.124,80.176,7.3
13.124,80.18,7.2
13.124,80.184,6.8
13.124,80.188,5.8
13.124,80.192,6.6
13.124,80.196,5.6
13.124,80.2,5.5
13.124,80.204,5.4
13.124,80.208,4.9
13.124,80.212,5.6
13.124,80.216,4.9
13.124,80.22,4.5
13.124,80.224,4.3
13.124,80.228,3.5
13.124,80.232,4.3
13.124,80.236,3.2
13.124,80.24,3.0
13.124,80.244,3.6
13.124,80.248,3.5
13.124,80.252,3.0
13.124,80.256,2.0
13.124,80.26,2.6
13.124,80.264,1.5
13.124,80.268,2.4
13.124,80.272,1.0
13.124,80.276,0.9
13.124,80.28,1.0
13.124,80.284,1.6
13.124,80.288,0.5
13.128,80.12,10.6
13.128,80.124,9.2
13.128,80.128,10.0
13.128,80.132,9.6
13.128,80.136,9.3
13.128,80.14,8.6
13.128,80.144,8.4
13.128,80.148,9.0
13.128,80.152,8.0
13.128,80.156,8.5
13.128,80.16,7.9
13.128,80.164,7.1
13.128,80.168,7.6
13.128,80.172,6.6
13.128,80.176,6.6
13.128,80.18,6.7
13.128,80.184,5.9
13.128,80.188,6.2
13.128,80.192,6.6
13.128,80.196,6.3
13.128,80.2,6.0
13.128,80.204,5.2
13.128,80.208,4.6
13.128,80.212,4.9
13.128,80.216,4.6
13.128,80.22,4.3
13.128,80.224,4.7
13.128,80.228,4.4
13.128,80.232,3.5
13.128,80.236,3.5
13.128,80.24,4.0
13.128,80.244,3.9
13.128,80.248,3.3
13.128,80.252,3.1
13.128,80.256,2.6
13.128,80.26,2.7
13.128,80.264,1.7
13.128,80.268,2.4
13.128,80.272,1.0
13.128,80.276,1.5
13.128,80.28,1.4
13.128,80.284,1.3
13.128,80.288,0.5
13.132,80.12,9.8
13.132,80.124,10.1
13.132,80.128,9.4
13.132,80.132,9.7
13.132,80.136,8.9
13.132,80.14,8.5
13.132,80.144,9.3
13.132,80.148,8.4
13.132,80.152,8.9
13.132,80.156,8.7
13.132,80.16,7.4
13.132,80.164,7.3
13.132,80.168,6.8
13.132,80.172,6.8
13.132,80.176,7.4
13.132,80.18,6.6
13.132,80.184,7.0
13.132,80.188,6.2
13.132,80.192,6.4
13.132,80.196,6.0
13.132,80.2,5.6
13.132,80.204,5.6
13.132,80.208,5.0
13.132,80.212,5.1
13.132,80.216,4.2
13.132,80.22,4.7
13.132,80.224,3.8
13.132,80.228,3.8
13.132,80.232,4.3
13.132,80.236,4.2
13.132,80.24,3.3
13.132,80.244,3.6
13.132,80.248,2.8
13.132,80.252,2.7
13.132,80.256,2.2
13.132,80.26,2.9
13.132,80.264,1.6
13.132,80.268,2.2
13.132,80.272,1.2
13.132,80.276,0.9
13.132,80.28,1.2
13.132,80.284,0.8
13.132,80.288,0.5
13.136,80.12,9.8
13.136,80.124,10.2
13.136,80.128,9.5
13.136,80.132,9.3
13.136,80.136,9.6
13.136,80.14,8.4
13.136,80.144,9.1
13.136,80.148,8.2
13.136,80.152,8.5
13.136,80.156,8.2
13.136,80.16,7.5
13.136,80.164,8.1
13.136,80.168,6.9
13.136,80.172,7.4
13.136,80.176,7.6
13.136,80.18,6.6
13.136,80.184,5.9
13.136,80.188,6.0
13.136,80.192,6.5
13.136,80.196,5.4
13.136,80.2,6.2
13.136,80.204,5.9
13.136,80.208,5.3
13.136,80.212,5.0
13.136,80.216,4.2
13.136,80.22,4.0
13.136,80.224,4.7
13.136,80.228,3.6
13.136,80.232,3.3
13.136,80.236,4.0
13.136,80.24,3.1
13.136,80.244,2.8
13.136,80.248,2.9
13.136,80.252,3.0
13.136,80.256,3.1
13.136,80.26,1.8
13.136,80.264,2.2
13.136,80.268,2.4
13.136,80.272,1.1
13.136,80.276,2.1
13.136,80.28,0.8
13.136,80.284,1.2
13.136,80.288,1.4
13.14,80.12,9.5
13.14,80.124,10.3
13.14,80.128,10.0
13.14,80.132,8.9
13.14,80.136,9.7
13.14,80.14,8.3
13.14,80.144,9.3
13.14,80.148,8.4
13.14,80.152,8.6
13.14,80.156,8.0
13.14,80.16,7.7
13.14,80.164,7.5
13.14,80.168,7.2
13.14,80.172,7.7
13.14,80.176,6.7
13.14,80.18,6.7
13.14,80.184,6.0
13.14,80.188,6.4
13.14,80.192,6.2
13.14,80.196,6.0
13.14,80.2,5.6
13.14,80.204,5.9
13.14,80.208,5.2
13.14,80.212,4.4
13.14,80.216,4.6
13.14,80.22,4.4
13.14,80.224,4.5
13.14,80.228,4.5
13.14,80.232,3.5
13.14,80.236,4.3
13.14,80.24,3.5
13.14,80.244,2.6
13.14,80.248,2.8
13.14,80.252,3.0
13.14,80.256,2.5
13.14,80.26,2.7
13.14,80.264,1.9
13.14,80.268,2.0
13.14,80.272,1.4
13.14,80.276,1.1
13.14,80.28,0.6
13.14,80.284,1.1
13.14,80.288,0.5
13.144,80.12,10.4
13.144,80.124,9.5
13.144,80.128,10.0
13.144,80.132,9.3
13.144,80.136,9.0
13.144,80.14,9.0
13.144,80.144,8.4
13.144,80.148,8.0
13.144,80.152,7.9
13.144,80.156,7.7
13.144,80.16,7.9
13.144,80.164,8.0
13.144,80.168,7.7
13.144,80.172,7.5
13.144,80.176,7.5
13.144,80.18,6.8
13.144,80.184,7.1
13.144,80.188,6.1
13.144,80.192,6.6
13.144,80.196,6.5
13.144,80.2,5.2
13.144,80.204,5.1
13.144,80.208,4.9
13.144,80.212,5.3
13.144,80.216,4.6
13.144,80.22,4.6
13.144,80.224,4.6
13.144,80.228,3.9
13.144,80.232,4.0
13.144,80.236,3.2
13.144,80.24,4.0
13.144,80.244,3.6
13.144,80.248,3.4
13.144,80.252,3.4
13.144,80.256,2.6
13.144,80.26,1.9
13.144,80.264,1.5
13.144,80.268,1.3
13.144,80.272,1.8
13.144,80.276,0.8
13.144,80.28,1.2
13.144,80.284,0.8
13.144,80.288,1.1
13.148,80.12,10.4
13.148,80.124,9.6
13.148,80.128,9.2
13.148,80.132,9.8
13.148,80.136,9.6
13.148,80.14,8.4
13.148,80.144,8.2
13.148,80.148,8.8
13.148,80.152,7.8
13.148,80.156,7.5
13.148,80.16,7.9
13.148,80.164,7.4
13.148,80.168,6.8
13.148,80.172,7.4
13.148,80.176,7.2
13.148,80.18,6.8
13.148,80.184,6.3
13.148,80.188,6.1
13.148,80.192,6.7
13.148,80.196,6.1
13.148,80.2,5.5
13.148,80.204,5.6
13.148,80.208,5.2
13.148,80.212,4.7
13.148,80.216,5.0
13.148,80.22,4.6
13.148,80.224,4.8
13.148,80.228,4.2
13.148,80.232,3.7
13.148,80.236,3.9
13.148,80.24,3.8
13.148,80.244,3.0
13.148,80.248,3.3
13.148,80.252,2.5
13.148,80.256,2.1
13.148,80.26,1.7
13.148,80.264,2.4
13.148,80.268,2.0
13.148,80.272,2.1
13.148,80.276,1.8
13.148,80.28,1.3
13.148,80.284,0.6
13.148,80.288,0.7
13.152,80.12,10.4
13.152,80.124,9.9
13.152,80.128,9.8
13.152,80.132,8.9
13.152,80.136,9.1
13.152,80.14,8.7
13.152,80.144,8.2
13.152,80.148,8.3
13.152,80.152,8.0
13.152,80.156,8.2
13.152,80.16,8.4
13.152,80.164,8.0
13.152,80.168,7.6
13.152,80.172,7.5
13.152,80.176,6.7
13.152,80.18,6.1
13.152,80.184,6.1
13.152,80.188,6.5
13.152,80.192,5.9
13.152,80.196,6.2
13.152,80.2,5.9
13.152,80.204,4.8
13.152,80.208,5.1
13.152,80.212,4.9
13.152,80.216,4.3
13.152,80.22,4.4
13.152,80.224,4.8
13.152,80.228,3.9
13.152,80.232,3.7
13.152,80.236,4.1
13.152,80.24,3.8
13.152,80.244,3.3
13.152,80.248,3.3
13.152,80.252,2.4
13.152,80.256,2.5
13.152,80.26,2.7
13.152,80.264,1.5
13.152,80.268,1.3
13.152,80.272,1.4
13.152,80.276,0.9
13.152,80.28,1.0
13.152,80.284,1.5
13.152,80.288,0.5
13.156,80.12,9.5
13.156,80.124,10.4
13.156,80.128,10.2
13.156,80.132,9.2
13.156,80.136,9.8
13.156,80.14,9.4
13.156,80.144,9.0
13.156,80.148,8.4
13.156,80.152,8.5
13.156,80.156,8.2
13.156,80.16,7.7
13.156,80.164,7.0
13.156,80.168,7.2
13.156,80.172,7.8
13.156,80.176,6.8
13.156,80.18,6.8
13.156,80.184,7.1
13.156,80.188,6.3
13.156,80.192,6.3
13.156,80.196,5.6
13.156,80.2,5.1
13.156,80.204,5.3
13.156,80.208,5.2
13.156,80.212,5.0
13.156,80.216,4.2
13.156,80.22,3.9
13.156,80.224,3.8
13.156,80.228,4.5
13.156,80.232,4.0
13.156,80.236,3.6
13.156,80.24,2.9
13.156,80.244,2.8
13.156,80.248,3.2
13.156,80.252,3.4
13.156,80.256,2.5
13.156,80.26,1.8
13.156,80.264,2.5
13.156,80.268,1.8
13.156,80.272,2.2
13.156,80.276,1.1
13.156,80.28,1.4
13.156,80.284,0.9
13.156,80.288,0.8
13.16,80.12,9.9
13.16,80.124,9.4
13.16,80.128,9.0
13.16,80.132,9.3
13.16,80.136,8.8
13.16,80.14,9.4
13.16,80.144,8.8
13.16,80.148,8.0
13.16,80.152,8.5
13.16,80.156,7.5
13.16,80.16,8.0
13.16,80.164,8.0
13.16,80.168,7.3
13.16,80.172,7.5
13.16,80.176,6.6
13.16,80.18,6.2
13.16,80.184,6.4
13.16,80.188,6.3
13.16,80.192,6.7
13.16,80.196,6.1
13.16,80.2,6.2
13.16,80.204,5.5
13.16,80.208,4.8
13.16,80.212,4.7
13.16,80.216,4.6
13.16,80.22,5.0
13.16,80.224,3.7
13.16,80.228,4.2
13.16,80.232,3.9
13.16,80.236,3.7
13.16,80.24,4.1
13.16,80.244,2.7
13.16,80.248,3.6
13.16,80.252,2.7
13.16,80.256,3.1
13.16,80.26,1.9
13.16,80.264,1.7
13.16,80.268,1.5
13.16,80.272,1.1
13.16,80.276,0.9
13.16,80.28,1.5
13.16,80.284,0.6
13.16,80.288,1.4
13.164,80.12,9.6
13.164,80.124,9.9
13.164,80.128,9.4
13.164,80.132,9.7
13.164,80.136,9.5
13.164,80.14,8.4
13.164,80.144,8.8
13.164,80.148,8.6
13.164,80.152,8.7
13.164,80.156,8.1
13.164,80.16,8.4
13.164,80.164,7.0
13.164,80.168,7.6
13.164,80.172,7.3
13.164,80.176,7.3
13.164,80.18,6.2
13.164,80.184,6.0
13.164,80.188,6.4
13.164,80.192,6.2
13.164,80.196,6.4
13.164,80.2,5.1
13.164,80.204,4.9
13.164,80.208,5.5
13.164,80.212,5.3
13.164,80.216,5.2
13.164,80.22,5.0
13.164,80.224,4.8
13.164,80.228,3.8
13.164,80.232,4.1
13.164,80.236,3.7
13.164,80.24,3.4
13.164,80.244,2.8
13.164,80.248,2.9
13.164,80.252,2.9
13.164,80.256,2.8
13.164,80.26,2.2
13.164,80.264,2.0
13.164,80.268,2.4
13.164,80.272,1.9
13.164,80.276,0.9
13.164,80.28,1.2
13.164,80.284,0.7
13.164,80.288,0.8
13.168,80.12,9.8
13.168,80.124,10.2
13.168,80.128,9.3
13.168,80.132,9.8
13.168,80.136,9.6
13.168,80.14,9.2
13.168,80.144,9.3
13.168,80.148,8.1
13.168,80.152,8.0
13.168,80.156,8.4
13.168,80.16,8.2
13.168,80.164,7.4
13.168,80.168,7.7
13.168,80.172,7.3
13.168,80.176,6.4
13.168,80.18,6.6
13.168,80.184,7.0
13.168,80.188,6.2
13.168,80.192,6.0
13.168,80.196,5.9
13.168,80.2,5.5
13.168,80.204,4.8
13.168,80.208,5.6
13.168,80.212,4.4
13.168,80.216,5.0
13.168,80.22,4.4
13.168,80.224,4.7
13.168,80.228,4.1
13.168,80.232,4.0
13.168,80.236,3.2
13.168,80.24,3.9
13.168,80.244,2.8
13.168,80.248,2.4
13.168,80.252,2.2
13.168,80.256,2.0
13.168,80.26,2.1
13.168,80.264,1.7
13.168,80.268,1.7
13.168,80.272,1.6
13.168,80.276,1.3
13.168,80.28,1.8
13.168,80.284,1.2
13.168,80.288,0.6
13.172,80.12,10.0
13.172,80.124,9.7
13.172,80.128,10.2
13.172,80.132,9.3
13.172,80.136,9.2
13.172,80.14,8.7
13.172,80.144,9.1
13.172,80.148,8.2
13.172,80.152,8.7
13.172,80.156,7.5
13.172,80.16,7.2
13.172,80.164,7.0
13.172,80.168,7.8
13.172,80.172,7.5
13.172,80.176,6.6
13.172,80.18,6.4
13.172,80.184,6.1
13.172,80.188,5.9
13.172,80.192,6.3
13.172,80.196,5.9
13.172,80.2,6.1
13.172,80.204,6.0
13.172,80.208,5.4
13.172,80.212,4.9
13.172,80.216,4.3
13.172,80.22,4.1
13.172,80.224,4.7
13.172,80.228,3.7
13.172,80.232,4.0
13.172,80.236,4.2
13.172,80.24,3.7
13.172,80.244,3.5
13.172,80.248,2.7
13.172,80.252,3.3
13.172,80.256,3.0
13.172,80.26,2.3
13.172,80.264,1.7
13.172,80.268,1.6
13.172,80.272,1.7
13.172,80.276,1.6
13.172,80.28,1.3
13.172,80.284,0.5
13.172,80.288,1.6
13.176,80.12,10.6
13.176,80.124,10.2
13.176,80.128,9.7
13.176,80.132,9.5
13.176,80.136,8.9
13.176,80.14,9.2
13.176,80.144,8.7
13.176,80.148,8.3
13.176,80.152,8.0
13.176,80.156,7.8
13.176,80.16,7.5
13.176,80.164,7.8
13.176,80.168,8.0
13.176,80.172,7.4
13.176,80.176,6.5
13.176,80.18,6.7
13.176,80.184,6.2
13.176,80.188,5.7
13.176,80.192,6.5
13.176,80.196,6.2
13.176,80.2,5.5
13.176,80.204,5.2
13.176,80.208,4.7
13.176,80.212,4.3
13.176,80.216,4.7
13.176,80.22,4.3
13.176,80.224,4.8
13.176,80.228,4.0
13.176,80.232,4.2
13.176,80.236,3.8
13.176,80.24,4.1
13.176,80.244,3.6
13.176,80.248,2.8
13.176,80.252,3.0
13.176,80.256,2.8
13.176,80.26,2.5
13.176,80.264,2.1
13.176,80.268,2.5
13.176,80.272,1.5
13.176,80.276,1.2
13.176,80.28,0.8
13.176,80.284,1.2
13.176,80.288,1.0
13.18,80.12,9.8
13.18,80.124,9.8
13.18,80.128,9.9
13.18,80.132,9.7
13.18,80.136,9.2
13.18,80.14,9.5
13.18,80.144,9.3
13.18,80.148,9.0
13.18,80.152,8.5
13.18,80.156,7.7
13.18,80.16,7.5
13.18,80.164,8.1
13.18,80.168,7.3
13.18,80.172,7.7
13.18,80.176,6.8
13.18,80.18,6.8
13.18,80.184,6.5
13.18,80.188,5.8
13.18,80.192,5.5
13.18,80.196,6.0
13.18,80.2,5.7
13.18,80.204,5.6
13.18,80.208,5.1
13.18,80.212,4.6
13.18,80.216,4.3
13.18,80.22,4.8
13.18,80.224,4.3
13.18,80.228,4.0
13.18,80.232,4.3
13.18,80.236,3.2
13.18,80.24,4.1
13.18,80.244,3.0
13.18,80.248,3.6
13.18,80.252,3.3
13.18,80.256,3.2
13.18,80.26,1.9
13.18,80.264,2.6
13.18,80.268,1.5
13.18,80.272,1.1
13.18,80.276,1.2
13.18,80.28,1.9
13.18,80.284,0.8
13.18,80.288,0.5
